{"cameraMode":{"drawMode":0,"name":"Shaded","section":"Shading Mode"},"sceneLighting":true,"audioPlay":false,"sceneViewState":{"showFog":true,"showMaterialUpdate":false,"showSkybox":true,"showFlares":true,"showImageEffects":true,"showParticleSystems":true},"in2DMode":false,"pivot":{"x":8.371662139892579,"y":-0.48139047622680666,"z":79.57421875},"rotation":{"x":0.005597855895757675,"y":-0.9829919338226318,"z":0.030394595116376878,"w":0.1810297816991806},"size":18.976970672607423,"orthographic":false}