{"cameraMode":{"drawMode":0,"name":"Shaded","section":"Shading Mode"},"sceneLighting":true,"audioPlay":false,"sceneViewState":{"showFog":true,"showMaterialUpdate":false,"showSkybox":true,"showFlares":true,"showImageEffects":true,"showParticleSystems":true},"in2DMode":false,"pivot":{"x":-1.3816986083984376,"y":-2.811412811279297,"z":6.262470245361328},"rotation":{"x":0.019239529967308046,"y":0.9725995659828186,"z":0.08717206120491028,"w":-0.21466486155986787},"size":14.176976203918457,"orthographic":false}